name,url_on_website,address,website
INCUBATEUR BIZLAB AIRBUS,http://www.alloweb.org/annuaire-startups/incubateur/incubateur-bizlab-airbus-2/,"316 route de Bayonne, 31000, Toulouse",http://www.airbus.com/innovation/bizlab/
INCUBATEUR 1KUBATOR BORDEAUX,http://www.alloweb.org/annuaire-startups/incubateur/incubateur-1kubator-bordeaux/,"87 quai des Queyries, 33100, Bordeaux",https://1kubator.com
INCUBATEUR 1KUBATOR PARIS,http://www.alloweb.org/annuaire-startups/incubateur/incubateur-1kubator-paris/,"17 rue Dupin, 75006, Paris",https://1kubator.com
INCUBATEUR 1KUBATOR LYON,http://www.alloweb.org/annuaire-startups/incubateur/incubateur-1kubator-lyon/,"282 rue de Créqui, 69007, Lyon",https://1kubator.com
NEWTON – INCUBATEUR DE TECHNOWEST,http://www.alloweb.org/annuaire-startups/incubateur/newton-incubateur-de-technowest/,"213 cours Victor Hugo, 33130, Bègles",https://technowest.com/ouverture-du-nouveau-site-newton/
INCUBATEUR TECHNOPOLE BORDEAUX MONTESQUIEU,http://www.alloweb.org/annuaire-startups/incubateur/incubateur-technopole-bordeaux-montesquieu/,"1 allée Jean Rostand, 33651, Martillac",http://www.technopole-bordeaux-montesquieu.fr
COCOSHAKKER – INCUBATEUR DE CULTURES TRAFIC,http://www.alloweb.org/annuaire-startups/incubateur/cocoshakker-incubateur-de-cultures-trafic/,"80 rue Paul Diomède, 63100, Clermont Ferrand",http://culturestrafic.com/incubation-cocoshaker/
INCUBATEUR LINKSIUM,http://www.alloweb.org/annuaire-startups/incubateur/incubateur-linksium/,"31 rue Gustave Eiffel, 38000, Grenoble",http://www.grain-incubation.com
INCUB – INCUBATEUR INSEEC LYON,http://www.alloweb.org/annuaire-startups/incubateur/incub-incubateur-inseec-lyon/,"25 rue de l'Université, 69007, Lyon",http://www.incubateur-inseec.com
INCUBATEUR IONIS 361,http://www.alloweb.org/annuaire-startups/incubateur/incubateur-ionis-361/,"95 avenue Parmentier, 75011, Paris",http://www.ionis361.com
INCUBATEUR LE VILLAGE BY CREDIT AGRICOLE NORD DE FRANCE,http://www.alloweb.org/annuaire-startups/incubateur/incubateur-le-village-by-credit-agricole-nord-de-france/,"165 avenue de Bretagne, 59000, Lille",http://www.levillagebyca.com/le-village-by-ca-nord-de-france
INCUBATEUR LE VILLAGE BY CREDIT AGRICOLE COTE D'AZUR,http://www.alloweb.org/annuaire-startups/incubateur/incubateur-le-village-by-credit-agricole-cote-dazur/,France,http://www.levillagebyca.com
INCUBATEUR LE VILLAGE BY CREDIT AGRICOLE COTES D'ARMOR,http://www.alloweb.org/annuaire-startups/incubateur/incubateur-le-village-by-credit-agricole-cotes-darmor/,"Rue du Plan, 22440, Ploufragan",http://www.levillagebyca.com
CONNECTED RETAIL INCUBATOR – INCUBATEUR POPAI,http://www.alloweb.org/annuaire-startups/incubateur/connected-retail-incubator-incubateur-popai/,"56 quai Alphonse Le Gallo, 92100, Boulogne Billancourt",http://www.popai.fr
INCUBATEUR PULSALYS,http://www.alloweb.org/annuaire-startups/incubateur/incubateur-pulsalys/,"47 boulevard du 11 Novembre 1918, 69100, Villeurbanne",http://www.pulsalys.fr
INCUBATEUR REGIONSJOB START,http://www.alloweb.org/annuaire-startups/incubateur/incubateur-regionsjob-start/,"2 rue de la Mabilais, 35000, Rennes",http://start.regionsjob.com
INCUBATEUR ROBOT LAB PARIS,http://www.alloweb.org/annuaire-startups/incubateur/incubateur-robot-lab-paris/,"10 rue de la Coquillère, 75001, Paris",http://www.robot-lab.org
INCUBATEUR ROBOT LAB LYON,http://www.alloweb.org/annuaire-startups/incubateur/incubateur-robot-lab-lyon/,"206 rue de Gerland, 69007, Lyon",http://www.robot-lab.org
INCUBATEUR MACHINARIUM,http://www.alloweb.org/annuaire-startups/incubateur/incubateur-machinarium/,"123 boulevard Louis Blanc, 85000, La Roche sur Yon",http://societe-machinarium.com
INCUBATEUR ESME SUDRIA – SUDRI'CUB,http://www.alloweb.org/annuaire-startups/incubateur/incubateur-esme-sudria-sudricub/,"38 rue Molière, 94200, Ivry sur Seine",http://www.esme.fr/entreprise/incubateur-sudricub
THEOPHRASTE – INCUBATEUR GROUPE SUD OUEST,http://www.alloweb.org/annuaire-startups/incubateur/theophraste-incubateur-groupe-sud-ouest/,"23 Quai des Queyries, 33000, Bordeaux",http://theophraste.io
INCUBATEUR VIA ID,http://www.alloweb.org/annuaire-startups/incubateur/incubateur-via-id/,"rue de Menin, 59520, Marquette Lez Lille",http://www.via-id.com
INCUBATEUR LE VILLAGE BY CREDIT AGRICOLE AQUITAINE,http://www.alloweb.org/annuaire-startups/incubateur/incubateur-le-village-by-credit-agricole-aquitaine/,"11 cours du 30 juillet, 33000, Bordeaux",http://www.levillagebyca.com
INCUBATEUR WELL DE WEMANITY,http://www.alloweb.org/annuaire-startups/incubateur/incubateur-well-de-wemanity/,"17 rue Bouchardon, 75010, Paris",http://www.wemanity.com
INCUBATEUR ATIS,http://www.alloweb.org/annuaire-startups/incubateur/incubateur-atis/,"156 avenue Jean Jaurès, 33600, Pessac",http://www.incubateur.atis-asso.org
PLANT 4.0 – INCUBATEUR TOTAL,http://www.alloweb.org/annuaire-startups/incubateur/plant-4-0-incubateur-total/,"130 rue de Lourmel, 75015, Paris",http://www.startup-incubator.total.com
INCUBATEUR START-UP INNOVATION,http://www.alloweb.org/annuaire-startups/incubateur/incubateur-start-up-innovation/,"59 rue Nationale, 75013, Paris",http://incubateur.startup-innovation.fr
INCUBATEUR TF1 – NOUVEAUX PRODUITS ET SERVICES,http://www.alloweb.org/annuaire-startups/incubateur/incubateur-tf1-nouveaux-produits-et-services/,"75000, Paris",http://incubateurs.parisandco.com/tf1-paris-co-lancent-un-incubateur-d%C3%A9di%C3%A9-aux-m%C3%A9dias
INCUBATEUR ICADE – LA MAISON DES STARTUPS,http://www.alloweb.org/annuaire-startups/incubateur/incubateur-icade-la-maison-des-startups/,"30 rue Proudhon, 93200, Saint Denis",http://mdsu.icade.fr
INCUBATEUR IFAG LYON,http://www.alloweb.org/annuaire-startups/incubateur/incubateur-ifag-lyon/,"47 rue du Sergent Michel Berthet, 69009, Lyon",http://www.ifag.com/entrepreneuriat/nos-incubateurs/
INCUBATEUR NUMA PARIS SENTIER,http://www.alloweb.org/annuaire-startups/incubateur/incubateur-numa-paris-sentier/,"39 rue du Caire, 75002, Paris",http://paris.numa.co
WAI PARIS – WE ARE INNOVATION – INCUBATEUR BNP PARIBAS,http://www.alloweb.org/annuaire-startups/incubateur/wai-paris-we-are-innovation-incubateur-bnp-paribas/,"19 Boulevard Poissonnière, 75002, Paris",http://www.innovandconnect.bnpparibas/accelerateur/
WAI MASSY SACLAY – WE ARE INNOVATION – INCUBATEUR BNP PARIBAS,http://www.alloweb.org/annuaire-startups/incubateur/wai-massy-saclay-we-are-innovation-incubateur-bnp-paribas/,"1 rue Galvani, 91300, Massy",http://www.innovandconnect.bnpparibas/accelerateur/
SYMBIOSE – INCUBATEUR AUDENCIA & ECOLE CENTRALE DE NANTES,http://www.alloweb.org/annuaire-startups/incubateur/symbiose-incubateur-audencia-ecole-centrale-de-nantes/,"8 route de la Jonelière, 44000, Nantes",http://www.audencia.com/fr/programmes/grande-ecole/programme/6-bonnes-raisons/entrepreneuriat/
STARTUP42 – INCUBATEUR DE L’EPITA,http://www.alloweb.org/annuaire-startups/incubateur/startup42-incubateur-de-lepita/,"14 rue Voltaire, 94270, Le Kremlin Bicetre",http://www.startup42.org
START IN POST – INCUBATEUR DE LA POSTE,http://www.alloweb.org/annuaire-startups/incubateur/start-in-post-incubateur-de-la-poste/,"7 quai André Citroen, 75015, Paris",http://www.startinpost.com
SHADOK – INCUBATEUR DE STRASBOURG,http://www.alloweb.org/annuaire-startups/incubateur/shadok-incubateur-de-strasbourg/,"1 Parc de l'étoile, 67076, Strasbourg",http://www.shadok.strasbourg.eu
SEMIA – INCUBATEUR D’ALSACE,http://www.alloweb.org/annuaire-startups/incubateur/semia-incubateur-dalsace/,"4 rue Boussingault, 67000, Strasbourg",http://www.semia-incal.com
SEINARI – INCUBATEUR DE HAUTE NORMANDIE,http://www.alloweb.org/annuaire-startups/incubateur/seinari-incubateur-de-haute-normandie/,"73 rue Martainville, 76000, Rouen",http://www.seinari.fr
SCALEDOME – INCUBATEUR D’OUTSCALE,http://www.alloweb.org/annuaire-startups/incubateur/scaledome-incubateur-doutscale/,"1 rue Royale, 92210, Saint Cloud",http://www.scaledome.io
RESIDENCE CREATIS – INCUBATEUR DE LA GAITE LYRIQUE,http://www.alloweb.org/annuaire-startups/incubateur/residence-creatis-incubateur-de-la-gaite-lyrique/,"3 rue Papin, 75003, Paris",http://www.residencecreatis.fr
PROMO STARTUP – INCUBATEUR HP,http://www.alloweb.org/annuaire-startups/incubateur/promo-startup-incubateur-hp/,"1 avenue du Canada, 91947, Les Ulis",https://ssl.www8.hp.com/h41268/live/index.aspx?qid=23123
PROLAB – INCUBATEUR DES GOBELINS,http://www.alloweb.org/annuaire-startups/incubateur/prolab-incubateur-des-gobelins/,"73 boulevard Saint Marcel, 75013, Paris",http://www.gobelins.fr/gobelins/prolab
PREMICE – INCUBATEUR DE BOURGOGNE,http://www.alloweb.org/annuaire-startups/incubateur/premice-incubateur-de-bourgogne/,"64 rue Sully, 21000, Dijon",http://www.premice-bourgogne.com
PLAYER – INCUBATEUR D’INNOVATION COLLECTIVE,http://www.alloweb.org/annuaire-startups/incubateur/player-incubateur-dinnovation-collective/,"16 rue du Caire, 75002, Paris",http://player.paris
PARIS FACTORY – INCUBATEUR ESCP EUROPE,http://www.alloweb.org/annuaire-startups/incubateur/paris-factory-incubateur-escp-europe/,"79 avenue de la République, 75011, Paris",http://www.paris-factory.eu
PACA IMPULSE – INCUBATEUR DE PROVENCE ALPES COTE D’AZUR,http://www.alloweb.org/annuaire-startups/incubateur/paca-impulse-incubateur-de-provence-alpes-cote-dazur/,"Technopole de Chateau Gombert - 45 rue Frédéric Joliot Curie, 13013, Marseille",http://www.incubateur-impulse.fr
NORMANDIE INCUBATION – INCUBATEUR DE BASSE NORMANDIE,http://www.alloweb.org/annuaire-startups/incubateur/normandie-incubation-incubateur-de-basse-normandie/,"17 rue Claude Bloch, 14000, Caen",http://www.normandie-incubation.com
MITI – INCUBATEUR DU NORD PAS DE CALAIS,http://www.alloweb.org/annuaire-startups/incubateur/miti-incubateur-du-nord-pas-de-calais/,"11 rue de l'Harmonie, 59491, Villeneuve d'Ascq",http://www.miti.fr
MIPY – INCUBATEUR DE MIDI PYRENEES,http://www.alloweb.org/annuaire-startups/incubateur/mipy-incubateur-de-midi-pyrenees/,"49 Grande rue Saint Michel, 31000, Toulouse",http://www.incubateurmipy.fr
LRI – INCUBATEUR DE LANGUEDOC ROUSSILLON,http://www.alloweb.org/annuaire-startups/incubateur/lri-incubateur-de-languedoc-roussillon/,"Place Eugène Bataillon, 34000, Montpellier",http://www.lr-incubation.com
LE VILLAGE BY CREDIT AGRICOLE – INCUBATEUR LA BOETIE,http://www.alloweb.org/annuaire-startups/incubateur/le-village-by-credit-agricole-incubateur-la-boetie/,"55 rue de la Boétie, 75008, Paris",http://www.levillagebyca.com
LANCEO – INCUBATEUR DU CENTRE – ARITT,http://www.alloweb.org/annuaire-startups/incubateur/lanceo-incubateur-du-centre-aritt/,"6 rue du Carbone, 45072, Orléans",http://www.arittcentre.fr
JEUNE POUSSE D’ASSAS – INCUBATEUR UNIVERSITE PANTHEON ASSAS,http://www.alloweb.org/annuaire-startups/incubateur/jeune-pousse-dassas-incubateur-universite-pantheon-assas/,"92 rue d'Assas, 75006, Paris",http://www.jpousseassas.fr
ISTATUT – INCUBATEUR EN LIGNE,http://www.alloweb.org/annuaire-startups/incubateur/istatut-incubateur-en-ligne/,"109 rue Neuve d'Argenson, 24100, Bergerac",http://www.istatut.com
IRPC – INCUBATEUR REGIONAL POITOU CHARENTES,http://www.alloweb.org/annuaire-startups/incubateur/irpc-incubateur-regional-poitou-charentes/,"1 rue de Saintes, 16000, Angouleme",http://irpc.asso.fr
IRA – INCUBATEUR D’AQUITAINE,http://www.alloweb.org/annuaire-startups/incubateur/ira-incubateur-daquitaine/,"351 cours de la Libération, 33400, Talence",http://www.incubateur-aquitaine.com
IPEPS – INCUBATEUR ICM INSTITUT DU CERVEAU ET DE LA MOELLE EPINIERE,http://www.alloweb.org/annuaire-startups/incubateur/ipeps-incubateur-icm-institut-du-cerveau-et-de-la-moelle-epiniere/,"47 boulevard de l'Hopital, 75013, Paris",http://www.icm-institute.org
INSTITUT OPEN INNOVATION – INCUBATEUR ALTRAN,http://www.alloweb.org/annuaire-startups/incubateur/institut-open-innovation-incubateur-altran/,"Grande Voie des Vignes, 92290, Chatenay Malabry",http://www.institutopeninnovation.fr
INNOVE.ME – INCUBATEUR DE L’EEMI,http://www.alloweb.org/annuaire-startups/incubateur/innove-me-incubateur-de-leemi/,"28 place de la Bourse, 75002, Paris",http://www.innove.me
INNOVATION HUB – INCUBATEUR EPITECH,http://www.alloweb.org/annuaire-startups/incubateur/innovation-hub-incubateur-epitech/,"24 rue Pasteur, 94270, Le Kremlin Bicetre",http://www.epitech.eu/laboratoires-informatiques.aspx
INNOV’UP – INCUBATEUR DES MINES D’ALES,http://www.alloweb.org/annuaire-startups/incubateur/innovup-incubateur-des-mines-dales/,"69 rue Georges Besse, 30000, Nimes",http://www.innovup.com
INNOSTART – INCUBATEUR ESC RENNES,http://www.alloweb.org/annuaire-startups/incubateur/innostart-incubateur-esc-rennes/,"2 rue Robert d'Arbrissel, 35000, Rennes",http://www.esc-rennes.fr/index.php/fr/news/news/deux-etudiants-de-lesc-rennes-laureats-des-entrepreneuriales-
INNOGEX – INCUBATEUR DU CERN,http://www.alloweb.org/annuaire-startups/incubateur/innogex-incubateur-du-cern/,"135 rue de Geneve, 1170, Gex",http://www.innogex.fr
INKUBATEUR – INCUBATEUR SKEMA SOPHIA ANTIPOLIS,http://www.alloweb.org/annuaire-startups/incubateur/inkubateur-incubateur-skema-sophia-antipolis/,"60 rue Dostoievski, 6902, Sophia Antipolis",http://www.skema-bs.fr/skema/les-entreprises-incubees
INIZIA – INCUBATEUR DE CORSE,http://www.alloweb.org/annuaire-startups/incubateur/inizia-incubateur-de-corse/,"Incubateur Territorial de Corse - Aéroport d'Ajaccio, 20000, Ajaccio",http://www.innovation.corse.fr
INCUBATEUR YUMP PARIS,http://www.alloweb.org/annuaire-startups/incubateur/incubateur-yump-paris/,"91 avenue de la République, 75011, Paris",http://www.jeveuxmontermaboite.com
INCUBATEUR YUMP PANTIN,http://www.alloweb.org/annuaire-startups/incubateur/incubateur-yump-pantin/,"42 rue des Sept Arpents, 93500, Pantin",http://www.jeveuxmontermaboite.com
INCUBATEUR YUMP PACA,http://www.alloweb.org/annuaire-startups/incubateur/incubateur-yump-paca/,"2 rue Marc Donadille, 13010, Marseille",http://www.jeveuxmontermaboite.com
INCUBATEUR YUMP EVRY,http://www.alloweb.org/annuaire-startups/incubateur/incubateur-yump-evry/,"7 rue Montespan, 91026, Evry",http://www.jeveuxmontermaboite.com
INCUBATEUR YUMP CHOISY LE ROI,http://www.alloweb.org/annuaire-startups/incubateur/incubateur-yump-choisy-le-roi/,"137 avenue Anatole France, 94700, Choisy le Roi",http://www.jeveuxmontermaboite.com
INCUBATEUR YUMP,http://www.alloweb.org/annuaire-startups/incubateur/incubateur-yump/,"91 avenue de la République, 75011, Paris",http://www.jeveuxmontermaboite.com
INCUBATEUR Y COMBINATOR,http://www.alloweb.org/annuaire-startups/incubateur/incubateur-y-combinator/,"335 Pioneer Way, Mountain View",http://www.ycombinator.com
INCUBATEUR WUNDERLAB – WUNDERMAN,http://www.alloweb.org/annuaire-startups/incubateur/incubateur-wunderlab-wunderman/,"57 avenue André Morizet, 92100, Boulogne Billancourt",http://www.wunderman.fr/wunderlab
INCUBATEUR WEST WEB VALLEY,http://www.alloweb.org/annuaire-startups/incubateur/incubateur-west-web-valley/,"90 rue Charles Nungesser, 29490, Guipavas",http://www.west-web-valley.fr
INCUBATEUR VIA INNOVA,http://www.alloweb.org/annuaire-startups/incubateur/incubateur-via-innova/,"177 avenue Louis Lumière, 34400, Lunel",http://www.via-innova.com
INCUBATEUR VAL D’OISE INCUBATION,http://www.alloweb.org/annuaire-startups/incubateur/incubateur-val-doise-incubation/,"1 mail Gay Lussac, 95000, Neuville sur Oise",http://www.creersaboite.fr
INCUBATEUR USE’IN DE TELECOM SAINT ETIENNE ET ISEAG-IAE,http://www.alloweb.org/annuaire-startups/incubateur/incubateur-usein-de-telecom-saint-etienne-et-iseag-iae/,"25 rue du Docteur Remy Annino, 42000, Saint Etienne",http://www.telecom-st-etienne.fr
INCUBATEUR UR LAB – UNIBAIL RODAMCO,http://www.alloweb.org/annuaire-startups/incubateur/incubateur-ur-lab-unibail-rodamco/,"7 rue du Chancelier Adenauer, 75016, Paris",http://www.urlab.eu
INCUBATEUR TRUFFLE CAPITAL – TRUFFLE FINTECH INCUBATOR,http://www.alloweb.org/annuaire-startups/incubateur/incubateur-truffle-capital-truffle-fintech-incubator/,"5 rue de Beaume, 75008, Paris",http://www.truffle.com
INCUBATEUR TRIANA LABS,http://www.alloweb.org/annuaire-startups/incubateur/incubateur-triana-labs/,"39 Broadway, New York",http://www.trianagroup.com
INCUBATEUR TONIC INCUBATION,http://www.alloweb.org/annuaire-startups/incubateur/incubateur-tonic-incubation/,"8 boulevard Louis Xiv, 59000, Lille",http://www.tonic-incubation.com
INCUBATEUR THE FAMILY,http://www.alloweb.org/annuaire-startups/incubateur/incubateur-the-family/,"25 rue du Petit Musc, 75004, Paris",http://www.thefamily.co
INCUBATEUR THE CANTILLON,http://www.alloweb.org/annuaire-startups/incubateur/incubateur-the-cantillon/,"3 rue du Chateau, 92600, Asnieres sur Seine",http://www.thecantillon.com
INCUBATEUR TELECOM BRETAGNE,http://www.alloweb.org/annuaire-startups/incubateur/incubateur-telecom-bretagne/,"135 rue Claude Chappe, 29280, Plouzané",http://www.telecom-bretagne.eu/entreprises/creation_d_entreprises/l_incubateur/
INCUBATEUR TELECOM & MANAGEMENT SUDPARIS EVRY,http://www.alloweb.org/annuaire-startups/incubateur/incubateur-telecom-management-sudparis-evry/,"9 rue Charles Fourier, 91000, Evry",http://incubateur.telecom-sudparis.eu
INCUBATEUR TELECOM & MANAGEMENT SUDPARIS ARCEUIL,http://www.alloweb.org/annuaire-startups/incubateur/incubateur-telecom-management-sudparis-arceuil/,"44 rue Cauchy, 94110, Arcueil",http://incubateur.telecom-sudparis.eu
INCUBATEUR TEKTOS PARIS,http://www.alloweb.org/annuaire-startups/incubateur/incubateur-tektos-paris/,"26 rue Ordener, 75018, Paris",http://www.tektos.co
INCUBATEUR TEKTOS CALAIS,http://www.alloweb.org/annuaire-startups/incubateur/incubateur-tektos-calais/,"885 rue Louis Breguet, 62100, Calais",http://www.tektos.co
INCUBATEUR TECHSTARS,http://www.alloweb.org/annuaire-startups/incubateur/incubateur-techstars/,"39 Broadway, New York",http://www.techstars.com
INCUBATEUR TBSEEDS – TOULOUSE BUSINESS SCHOOL,http://www.alloweb.org/annuaire-startups/incubateur/incubateur-tbseeds-toulouse-business-school/,"20 boulevard Lascrosses, 31068, Toulouse",http://incubateurgesct.blogspot.fr
INCUBATEUR SUPAGRO MONTPELLIER,http://www.alloweb.org/annuaire-startups/incubateur/incubateur-supagro-montpellier/,"2 place Pierre Viala, 34000, Montpellier",https://www.supagro.fr/web/pages/?idl=19&page=540
INCUBATEUR STRATUPSPHERE,http://www.alloweb.org/annuaire-startups/incubateur/incubateur-stratupsphere/,"Zone de la Monge, 72400, La Ferté Bernard",http://www.stratupsphere.org
INCUBATEUR STARTUP PALACE,http://www.alloweb.org/annuaire-startups/incubateur/incubateur-startup-palace/,"3 rue Maurice Duval, 44000, Nantes",http://www.startup-palace.com
INCUBATEUR STARTUP LEADERSHIP PROGRAM,http://www.alloweb.org/annuaire-startups/incubateur/incubateur-startup-leadership-program/,"10 rue de la Paix, 75002, Paris",http://www.startupleadership.com
INCUBATEUR STARTING BLOC DE ROUEN BUSINESS SCHOOL – INCUBATEUR NEOMA BUSINESS SCHOOL,http://www.alloweb.org/annuaire-startups/incubateur/incubateur-starting-bloc-de-rouen-business-school-incubateur-neoma-business-school/,"1 rue du Maréchal Juin, 76130, Mont Saint Aignan",http://incubateur.neoma-bs.fr
INCUBATEUR STARTBURST ACCELERATOR,http://www.alloweb.org/annuaire-startups/incubateur/incubateur-startburst-accelerator/,"130 rue de Lourmel, 75015, Paris",http://www.starburstaccelerator.com
INCUBATEUR START YOU UP,http://www.alloweb.org/annuaire-startups/incubateur/incubateur-start-you-up/,"8 avenue de Messine, 75008, Paris",http://www.startyou-up.com
INCUBATEUR START EM STRASBOURG,http://www.alloweb.org/annuaire-startups/incubateur/incubateur-start-em-strasbourg/,"61 avenue de la Foret Noire, 67085, Strasbourg",http://www.em-strasbourg.eu/nos-differences/centre-entrepreneurial/la-ruche-a-projets-centre-entrepreneurial-3087.kjsp?rh=1400864210186
INCUBATEUR STAND-UP HEC,http://www.alloweb.org/annuaire-startups/incubateur/incubateur-stand-up-hec/,"93120, La Courneuve",http://www.hec.fr/news-room/communiques-de-presse/inauguration-de-standup-hec-l-incubateur-social-d-hec-paris
INCUBATEUR SOCIAL SARCELLES,http://www.alloweb.org/annuaire-startups/incubateur/incubateur-social-sarcelles/,"80 avenue du 8 Mai 1945, 95280, Sarcelles",http://www.mecenova.org/association-l-incubateur-social-503.php
INCUBATEUR SOCIAL NEUILLY SUR MARNE,http://www.alloweb.org/annuaire-startups/incubateur/incubateur-social-neuilly-sur-marne/,"80 avenue du 8 Mai 1945, 93349, Neuilly sur Marne",http://www.mecenova.org/association-l-incubateur-social-503.php
INCUBATEUR SOCIAL MASSY,http://www.alloweb.org/annuaire-startups/incubateur/incubateur-social-massy/,"1 rue de Montpellier, 91300, Massy",http://www.incubateur-social.fr
INCUBATEUR SIMPLON.CO,http://www.alloweb.org/annuaire-startups/incubateur/incubateur-simplon-co/,"55 rue de Vincennes, 93100, Montreuil",http://www.simplon.co
INCUBATEUR SENSECUBE,http://www.alloweb.org/annuaire-startups/incubateur/incubateur-sensecube/,"11 rue Biscornet, 75000, Paris",http://www.sensecube.cc
INCUBATEUR SEINE ESTUAIRE PIONNIERES,http://www.alloweb.org/annuaire-startups/incubateur/incubateur-seine-estuaire-pionnieres/,"19 avenue Pierre Mendès France, 14050, Caen",http://www.lespionnieres.org/trouver-une-structure/
INCUBATEUR SCIENTIPOLE CROISSANCE PARIS,http://www.alloweb.org/annuaire-startups/incubateur/incubateur-scientipole-croissance-paris/,"46 rue René Clair, 75018, Paris",http://www.scientipole-croissance.org
INCUBATEUR SCIENTIPOLE CROISSANCE ORSAY,http://www.alloweb.org/annuaire-startups/incubateur/incubateur-scientipole-croissance-orsay/,"Rue de Belvédère, 91400, Orsay",http://www.scientipole-croissance.org
INCUBATEUR RUNGIS & CO,http://www.alloweb.org/annuaire-startups/incubateur/incubateur-rungis-co/,"36 rue du séminaire, 94626, Rungis",http://www.rungisandco.com
INCUBATEUR RONALPIA,http://www.alloweb.org/annuaire-startups/incubateur/incubateur-ronalpia/,"47 rue Sergent Michel Berthet, 69009, Lyon",http://www.ronalpia.fr
INCUBATEUR ROBOT LAB,http://www.alloweb.org/annuaire-startups/incubateur/incubateur-robot-lab/,"10 rue de la Coquillère, 75001, Paris",http://www.robot-lab.org
INCUBATEUR RHONE ALPES PIONNIERES,http://www.alloweb.org/annuaire-startups/incubateur/incubateur-rhone-alpes-pionnieres/,"227 cours Lafayette, 69006, Lyon",http://www.rhonealpespionnieres.org
INCUBATEUR PULSEO,http://www.alloweb.org/annuaire-startups/incubateur/incubateur-pulseo/,"1 avenue de la Gare, 40100, Dax",http://www.pulseo.fr
INCUBATEUR PROVENCE PIONNIERES,http://www.alloweb.org/annuaire-startups/incubateur/incubateur-provence-pionnieres/,"3 chemin du Pin, 13090, Aix en Provence",http://lespionnieres.org/provence-pionnieres/
INCUBATEUR PLAINE IMAGES,http://www.alloweb.org/annuaire-startups/incubateur/incubateur-plaine-images/,"99 boulevard Constantin Descat, 59200, Tourcoing",http://www.plaine-images.fr
INCUBATEUR PETIT POUCET,http://www.alloweb.org/annuaire-startups/incubateur/incubateur-petit-poucet/,"76 boulevard Saint Michel, 75005, Paris",http://www.petitpoucet.fr
INCUBATEUR PETALE INNOVATION – PEPINIERE TECHNOLOGIQUE ALPINE D’ENTREPRISES,http://www.alloweb.org/annuaire-startups/incubateur/incubateur-petale-innovation-pepiniere-technologique-alpine-dentreprises/,"31 rue Gustave Eiffel, 38000, Grenoble",http://www.petale-innovation.com
INCUBATEUR PEPITE PON – POLE LEONARD DE VINCI,http://www.alloweb.org/annuaire-startups/incubateur/incubateur-pepite-pon-pole-leonard-de-vinci/,"12 avenue Léonard de Vinci, 92400, Courbevoie",http://www.devinci.fr/entreprises/pepite-paris-ouest-nord/
INCUBATEUR PEPINIERE 27,http://www.alloweb.org/annuaire-startups/incubateur/incubateur-pepiniere-27/,"27 rue du chemin Vert, 75011, Paris",http://www.pepiniere27.fr
INCUBATEUR PENTALABBS,http://www.alloweb.org/annuaire-startups/incubateur/incubateur-pentalabbs/,"1 rue des Hauts, 45000, La Chapelle Saint Mesmin",http://www.pentalabbs-incubateur.fr
INCUBATEUR PEEGO STARTUP,http://www.alloweb.org/annuaire-startups/incubateur/incubateur-peego-startup/,"Place du Maréchal de Lattre de Tassigny, 75116, Paris",http://www.esilv.fr/incubateur-peego-startup-lesilv-rejoint-le-pole-entrepreneuriat-etudiant-grand-ouest/
INCUBATEUR PAUL BOCUSE,http://www.alloweb.org/annuaire-startups/incubateur/incubateur-paul-bocuse/,"1 chemin de Calabert, 69130, Ecully",http://www.institutpaulbocuse.com/fr/management-hotellerie-et-restauration/esprit-et-atouts/l-incubateur-sectoriel-d-entreprises-4771.kjsp
INCUBATEUR PARTECH SHAKER,http://www.alloweb.org/annuaire-startups/incubateur/incubateur-partech-shaker/,"33 rue du Mail, 75002, Paris",http://www.partechshaker.com
INCUBATEUR PARISTECH EURECOM ENTREPRENEURS,http://www.alloweb.org/annuaire-startups/incubateur/incubateur-paristech-eurecom-entrepreneurs/,"1047 route des Dolines, 6560, Sophia Antipolis",http://www.eurecom.fr/fr/node/560
INCUBATEUR PARISTECH ENTREPRENEURS,http://www.alloweb.org/annuaire-startups/incubateur/incubateur-paristech-entrepreneurs/,"9 rue Dareau, 75014, Paris",http://entrepreneurs.telecom-paristech.fr
INCUBATEUR PARIS REGION LAB – WELCOME CITY LAB,http://www.alloweb.org/annuaire-startups/incubateur/incubateur-paris-region-lab-welcome-city-lab/,"76 rue de Rennes, 75006, Paris",http://www.welcomecitylab.com
INCUBATEUR PARIS REGION LAB – VOYAGEUR CONNECTE – SNCF,http://www.alloweb.org/annuaire-startups/incubateur/incubateur-paris-region-lab-voyageur-connecte-sncf/,"130 rue de Lourmel, 75015, Paris",http://incubateurs.parisandco.com/voyageur-connecte
INCUBATEUR PARIS REGION LAB – VILLE DE DEMAIN,http://www.alloweb.org/annuaire-startups/incubateur/incubateur-paris-region-lab-ville-de-demain/,"130 rue de Lourmel, 75015, Paris",http://incubateurs.parisandco.com/ville-de-demain
INCUBATEUR PARIS REGION LAB – TECHNOLOGIES NUMERIQUES,http://www.alloweb.org/annuaire-startups/incubateur/incubateur-paris-region-lab-technologies-numeriques/,"48 rue René Clair, 75018, Paris",http://incubateurs.parisandco.com/programme/37
INCUBATEUR PARIS REGION LAB – STARTUP AMBASSADEUR,http://www.alloweb.org/annuaire-startups/incubateur/incubateur-paris-region-lab-startup-ambassadeur/,"24 rue de l'Est, 75020, Paris",http://incubateurs.parisandco.com/startup-ambassadeur
INCUBATEUR PARIS REGION LAB – SPORT – LE TREMPLIN,http://www.alloweb.org/annuaire-startups/incubateur/incubateur-paris-region-lab-sport-le-tremplin/,"20 avenue du Général Sarrail, 75016, Paris",http://www.letremplin.paris
INCUBATEUR PARIS REGION LAB – SOCIAL GOOD LAB – COMPTOIR DE L’INNOVATION,http://www.alloweb.org/annuaire-startups/incubateur/incubateur-paris-region-lab-social-good-lab-comptoir-de-linnovation/,"15 rue Jean Baptiste Berlier, 75015, Paris",http://incubateurs.parisandco.com/programme/5296
INCUBATEUR PARIS REGION LAB – SMART DATA FOR CUSTOMER INTELLIGENCE – AXA,http://www.alloweb.org/annuaire-startups/incubateur/incubateur-paris-region-lab-smart-data-for-customer-intelligence-axa/,"130 rue de Lourmel, 75015, Paris",http://incubateurs.parisandco.com/programme/5838
INCUBATEUR PARIS REGION LAB – SERVICES URBAINS CONNECTES – JCDECAUX,http://www.alloweb.org/annuaire-startups/incubateur/incubateur-paris-region-lab-services-urbains-connectes-jcdecaux/,"15 rue Jean Baptiste Berlier, 75013, Paris",http://incubateurs.parisandco.com/programme/5297
INCUBATEUR PARIS REGION LAB – RESPIRER DANS LA VILLE – ILAB AIR LIQUIDE,http://www.alloweb.org/annuaire-startups/incubateur/incubateur-paris-region-lab-respirer-dans-la-ville-ilab-air-liquide/,"48 rue René Clair, 75018, Paris",http://www.respirerdanslaville.fr
INCUBATEUR PARIS REGION LAB – POUR UNE MEILLEURE ENERGIE DANS LA VILLE – GDF SUEZ,http://www.alloweb.org/annuaire-startups/incubateur/incubateur-paris-region-lab-pour-une-meilleure-energie-dans-la-ville-gdf-suez/,"24 rue de l'Est, 75020, Paris",http://incubateurs.parisandco.com/programme/5853
INCUBATEUR PARIS REGION LAB – PARIS INNOVATION REUNION,http://www.alloweb.org/annuaire-startups/incubateur/incubateur-paris-region-lab-paris-innovation-reunion/,"80 rue des Haies, 75020, Paris",http://incubateurs.parisandco.com/sites_incubateur/get_site/26
INCUBATEUR PARIS REGION LAB – PARIS INNOVATION PALAIS BRONGNIART,http://www.alloweb.org/annuaire-startups/incubateur/incubateur-paris-region-lab-paris-innovation-palais-brongniart/,"28 place de la Bourse, 75002, Paris",http://incubateurs.parisandco.com/sites_incubateur/get_site/28
INCUBATEUR PARIS REGION LAB – PARIS INNOVATION NORD EXPRESS,http://www.alloweb.org/annuaire-startups/incubateur/incubateur-paris-region-lab-paris-innovation-nord-express/,"48 rue René Clair, 75018, Paris",http://incubateurs.parisandco.com/sites_incubateur/get_site/30
INCUBATEUR PARIS REGION LAB – PARIS INNOVATION MASSENA,http://www.alloweb.org/annuaire-startups/incubateur/incubateur-paris-region-lab-paris-innovation-massena/,"15 rue Jean Baptiste Berlier, 75015, Paris",http://incubateurs.parisandco.com/sites_incubateur/get_site/27
INCUBATEUR PARIS REGION LAB – PARIS INNOVATION MAC DONALD,http://www.alloweb.org/annuaire-startups/incubateur/incubateur-paris-region-lab-paris-innovation-mac-donald/,"24 rue de l'Est, 75020, Paris",http://incubateurs.parisandco.com
INCUBATEUR PARIS REGION LAB – PARIS INNOVATION BOUCICAUT,http://www.alloweb.org/annuaire-startups/incubateur/incubateur-paris-region-lab-paris-innovation-boucicaut/,"136 rue de Lourmel, 75015, Paris",http://incubateurs.parisandco.com/sites_incubateur/get_site/5538
INCUBATEUR PARIS REGION LAB – PARIS INNOVATION BELLEVILLE,http://www.alloweb.org/annuaire-startups/incubateur/incubateur-paris-region-lab-paris-innovation-belleville/,"24 rue de l'Est, 75020, Paris",http://incubateurs.parisandco.com/sites_incubateur/get_site/25
INCUBATEUR PARIS REGION LAB – NOUVEAUX MEDIAS,http://www.alloweb.org/annuaire-startups/incubateur/incubateur-paris-region-lab-nouveaux-medias/,"24 rue de l'Est, 75020, Paris",http://incubateurs.parisandco.com/programme/39
INCUBATEUR PARIS REGION LAB – MOBILITE CONNECTEE – RENAULT,http://www.alloweb.org/annuaire-startups/incubateur/incubateur-paris-region-lab-mobilite-connectee-renault/,"15 rue Jean Baptiste Berlier, 75013, Paris",http://incubateurs.parisandco.com/programme/4487
INCUBATEUR PARIS REGION LAB – MOBILE TECHNOLOGIES – ALCATEL,http://www.alloweb.org/annuaire-startups/incubateur/incubateur-paris-region-lab-mobile-technologies-alcatel/,"15 rue Jean Baptiste Berlier, 75013, Paris",http://incubateurs.parisandco.com/mobile-technologies
INCUBATEUR PARIS REGION LAB – LABO DE L’EDITION,http://www.alloweb.org/annuaire-startups/incubateur/incubateur-paris-region-lab-labo-de-ledition/,"2 rue Saint Médard, 75005, Paris",http://www.labodeledition.com
INCUBATEUR PARIS REGION LAB – JEUX VIDEO,http://www.alloweb.org/annuaire-startups/incubateur/incubateur-paris-region-lab-jeux-video/,"48 rue René Clair, 75018, Paris",http://incubateurs.parisandco.com/programme/43
INCUBATEUR PARIS REGION LAB – INFORMATION CONNECTEE – AMAURY LAB,http://www.alloweb.org/annuaire-startups/incubateur/incubateur-paris-region-lab-information-connectee-amaury-lab/,"24 rue de l'Est, 75020, Paris",http://www.amaurylab.amaury.com
INCUBATEUR PARIS REGION LAB – HABITAT CONNECTE – COVEA,http://www.alloweb.org/annuaire-startups/incubateur/incubateur-paris-region-lab-habitat-connecte-covea/,"136 rue de Lourmel, 75015, Paris",http://incubateurs.parisandco.com/programme/5783
INCUBATEUR PARIS REGION LAB – FINANCE,http://www.alloweb.org/annuaire-startups/incubateur/incubateur-paris-region-lab-finance/,"28 place de la Bourse, 75002, Paris",http://incubateurs.parisandco.com/programme/24
INCUBATEUR PARIS REGION LAB – EXPERIENCE CONSOMMATEUR 3.0 DANS LE POINT DE VENTE,http://www.alloweb.org/annuaire-startups/incubateur/incubateur-paris-region-lab-experience-consommateur-3-0-dans-le-point-de-vente/,"136 rue de Lourmel, 75015, Paris",http://incubateurs.parisandco.com/programme/5647
INCUBATEUR PARIS REGION LAB – E-SANTE,http://www.alloweb.org/annuaire-startups/incubateur/incubateur-paris-region-lab-e-sante/,"136 rue de Lourmel, 75015, Paris",http://incubateurs.parisandco.com/programme/5536
INCUBATEUR PARIS REGION LAB – DESIGN,http://www.alloweb.org/annuaire-startups/incubateur/incubateur-paris-region-lab-design/,"136 rue de Lourmel, 75015, Paris",http://incubateurs.parisandco.com/programme/5308
INCUBATEUR PARIS REGION LAB – CREANOVA,http://www.alloweb.org/annuaire-startups/incubateur/incubateur-paris-region-lab-creanova/,"24 rue de l'Est, 75020, Paris",http://incubateurs.parisandco.com/programme/5535
INCUBATEUR PARIS REGION LAB – CONNECTEUR,http://www.alloweb.org/annuaire-startups/incubateur/incubateur-paris-region-lab-connecteur/,"24 rue de l'Est, 75020, Paris",http://incubateurs.parisandco.com/connecteur-etudiants
INCUBATEUR PARIS REGION LAB – CLEANTECH,http://www.alloweb.org/annuaire-startups/incubateur/incubateur-paris-region-lab-cleantech/,"48 rue René Clair, 75018, Paris",http://incubateurs.parisandco.com/programme/42
INCUBATEUR PARIS REGION LAB,http://www.alloweb.org/annuaire-startups/incubateur/incubateur-paris-region-lab/,"24 rue de l'Est, 75020, Paris",http://incubateurs.parisandco.com
INCUBATEUR PARIS PIONNIERES,http://www.alloweb.org/annuaire-startups/incubateur/incubateur-paris-pionnieres/,"26 rue du chemin Vert, 75011, Paris",http://www.parispionnieres.org
INCUBATEUR PARIS BIOTECH SANTE,http://www.alloweb.org/annuaire-startups/incubateur/incubateur-paris-biotech-sante/,"24 rue du Faubourg Saint Jacques, 75014, Paris",http://www.parisbiotech.org
INCUBATEUR PACA EST,http://www.alloweb.org/annuaire-startups/incubateur/incubateur-paca-est/,"1 boulevard Maurice Slama, 6300, Nice",http://www.incubateurpacaest.org
INCUBATEUR ORANGE FAB,http://www.alloweb.org/annuaire-startups/incubateur/incubateur-orange-fab/,"1 avenue du Président Nelson Mandela, 94110, Arcueil",http://www.orangefabfrance.fr
INCUBATEUR NUMERIC LAB,http://www.alloweb.org/annuaire-startups/incubateur/incubateur-numeric-lab/,"12 rue de la Libération, 95892, Enghien les Bains",http://www.cda95.fr/fr/offre-du-cda/numeric-lab
INCUBATEUR NUMA SPRINT,http://www.alloweb.org/annuaire-startups/incubateur/incubateur-numa-sprint/,"39 rue du Caire, 75002, Paris",https://www.numa.paris/sprint
INCUBATEUR NUMA PARIS,http://www.alloweb.org/annuaire-startups/incubateur/incubateur-numa-paris/,"39 rue du Caire, 75002, Paris",http://www.numa.paris
INCUBATEUR NOVACITE,http://www.alloweb.org/annuaire-startups/incubateur/incubateur-novacite/,"Place de la Bourse, 69000, Lyon",http://www.novacite.com
INCUBATEUR NORMANDIE PIONNIERES,http://www.alloweb.org/annuaire-startups/incubateur/incubateur-normandie-pionnieres/,"19 avenue Pierre Mendès France, 14000, Caen",http://www.lespionnieres.org/normandie-pionnieres/
INCUBATEUR NORD PIONNIERES,http://www.alloweb.org/annuaire-startups/incubateur/incubateur-nord-pionnieres/,"56 rue Jean Sans Peur, 59014, Lille",http://www.ruches-entreprises.fr/nord-pionnieres
INCUBATEUR NILSSON SOCIAL CRM CLOUD,http://www.alloweb.org/annuaire-startups/incubateur/incubateur-nilsson-social-crm-cloud/,"17 quai Voltaire, 75007, Paris",http://scrmcloud.com
INCUBATEUR NICEPHORE CITE,http://www.alloweb.org/annuaire-startups/incubateur/incubateur-nicephore-cite/,"34 quai Saint Cosme, 71100, Chalon sur Saone",http://www.nicephorecite.com
INCUBATEUR NEXTSTARS,http://www.alloweb.org/annuaire-startups/incubateur/incubateur-nextstars/,"77 rue la Boétie, 75008, Paris",http://www.nextstars.fr
INCUBATEUR NEUVITEC 95,http://www.alloweb.org/annuaire-startups/incubateur/incubateur-neuvitec-95/,"1 mail Gay Lussac, 95000, Neuville sur Oise",http://accet.asso.fr/v1/nos-sites/incubateur/incubateur-neuvitec-95.html
INCUBATEUR NEUILLYLAB,http://www.alloweb.org/annuaire-startups/incubateur/incubateur-neuillylab/,"171 avenue Charles de Gaulle, 92200, Neuilly sur Seine",http://www.neuillylab.com
INCUBATEUR NEUILLY NOUVEAUX MEDIAS,http://www.alloweb.org/annuaire-startups/incubateur/incubateur-neuilly-nouveaux-medias/,"171 avenue Charles de Gaulle, 92200, Neuilly sur Seine",http://www.neuillynouveauxmedias.com
INCUBATEUR MULTIMEDIA BELLE DE MAI,http://www.alloweb.org/annuaire-startups/incubateur/incubateur-multimedia-belle-de-mai/,"37 rue Guibal, 13003, Marseille",http://www.belledemai.org
INCUBATEUR MOBILE BANKING FACTORY,http://www.alloweb.org/annuaire-startups/incubateur/incubateur-mobile-banking-factory/,"86 rue de Charonne, 75011, Paris",http://mobilebankingfactory2.bemyapp.com
INCUBATEUR MICROSOFT VENTURES,http://www.alloweb.org/annuaire-startups/incubateur/incubateur-microsoft-ventures/,"6 rue du Sentier, 75002, Paris",http://www.microsoftventures.com/accelerators/paris
INCUBATEUR MICROSOFT SPARK,http://www.alloweb.org/annuaire-startups/incubateur/incubateur-microsoft-spark/,"6 rue du Sentier, 75002, Paris",http://www.microsoftventures.com/accelerators/paris
INCUBATEUR MELTY TALENTS HOUSE,http://www.alloweb.org/annuaire-startups/incubateur/incubateur-melty-talents-house/,"18 rue Pasteur, 94300, Le Kremlin Bicetre",http://www.melty.fr/talents-house/
INCUBATEUR MARTINIQUE PIONNIERES,http://www.alloweb.org/annuaire-startups/incubateur/incubateur-martinique-pionnieres/,"5 rue Loulou Boislaville, 97232, Fort de France",http://www.martiniquepionnieres.fr
INCUBATEUR MAISON MEDITERRANEENNE DES METIERS DE LA MODE,http://www.alloweb.org/annuaire-startups/incubateur/incubateur-maison-mediterraneenne-des-metiers-de-la-mode/,"19 rue Fauchier, 13215, Marseille",http://www.m-mmm.fr
INCUBATEUR MAINE LABS,http://www.alloweb.org/annuaire-startups/incubateur/incubateur-maine-labs/,"12 place Imbach, 49066, Angers",http://www.mainelabs.fr
INCUBATEUR LORRAIN,http://www.alloweb.org/annuaire-startups/incubateur/incubateur-lorrain/,"30 rue Lionnois, 54000, Nancy",http://www.incubateur-lorrain.org
INCUBATEUR LOOK FORWARD – SHOWROOMPRIVE,http://www.alloweb.org/annuaire-startups/incubateur/incubateur-look-forward-showroomprive/,"1 rue des blés, 93210, La Plaine Saint Denis",http://www.lookforwardproject.com
INCUBATEUR LES PIONNIERES,http://www.alloweb.org/annuaire-startups/incubateur/incubateur-les-pionnieres/,"26 rue du chemin Vert, 75011, Paris",http://www.lespionnieres.org
INCUBATEUR LE LOFT 50 PARTNERS,http://www.alloweb.org/annuaire-startups/incubateur/incubateur-le-loft-50-partners/,"62 rue Jean Jacques Rousseau, 75001, Paris",http://www.leloft50partners.com
INCUBATEUR LE HUB BPI,http://www.alloweb.org/annuaire-startups/incubateur/incubateur-le-hub-bpi/,"8 boulevard Haussmann, 75009, Paris",http://www.bpifrance-lehubstartup.fr
INCUBATEUR LE GARAGE – ALCATEL LUCENT,http://www.alloweb.org/annuaire-startups/incubateur/incubateur-le-garage-alcatel-lucent/,"Route de Villejust, 91620, Nozay",http://www.alcatel-lucent.com/fr/blog/2014/le-garage
INCUBATEUR LE COMPTOIR,http://www.alloweb.org/annuaire-startups/incubateur/incubateur-le-comptoir/,"17 promenade Jean Rostand, 93000, Bobigny",http://www.le-comptoir.co
INCUBATEUR LE CARGO,http://www.alloweb.org/annuaire-startups/incubateur/incubateur-le-cargo/,"boulevard Macdonald, 75019, Paris",http://www.lecargo.paris
INCUBATEUR LE CAMPING TOULOUSE,http://www.alloweb.org/annuaire-startups/incubateur/incubateur-le-camping-toulouse/,"425 rue Jean Rostand, 31676, Labège",http://www.lecampingtoulouse.com
INCUBATEUR LE CAMPING,http://www.alloweb.org/annuaire-startups/incubateur/incubateur-le-camping/,"39 rue du Caire, 75002, Paris",http://www.lecamping.org
INCUBATEUR LAVAL MAYENNE TECHNOPOLE,http://www.alloweb.org/annuaire-startups/incubateur/incubateur-laval-mayenne-technopole/,"6 rue Léonard de Vinci, 53000, Laval",http://www.laval-technopole.fr/incubateur
INCUBATEUR LAVAL MAYENNE PIONNIERES,http://www.alloweb.org/annuaire-startups/incubateur/incubateur-laval-mayenne-pionnieres/,"6 rue Léonard de Vinci, 53001, Laval",http://www.laval-technopole.fr/entreprendre-au-feminin
INCUBATEUR LA SOCIAL FACTORY,http://www.alloweb.org/annuaire-startups/incubateur/incubateur-la-social-factory/,"84 quai de Jemmapes, 75010, Paris",http://www.social-factory.org
INCUBATEUR LA SERRE NUMERIQUE,http://www.alloweb.org/annuaire-startups/incubateur/incubateur-la-serre-numerique/,"2 rue Péclet, 59308, Valenciennes",http://www.serre-numerique.fr
INCUBATEUR LA RUCHE PARIS,http://www.alloweb.org/annuaire-startups/incubateur/incubateur-la-ruche-paris/,"84 quai de Jemmapes, 75010, Paris",http://www.la-ruche.net
INCUBATEUR LA RUCHE BORDEAUX,http://www.alloweb.org/annuaire-startups/incubateur/incubateur-la-ruche-bordeaux/,"66 rue Abbé de l'Epée, 33000, Bordeaux",http://www.la-ruche.net
INCUBATEUR LA POUSSINADE PARIS,http://www.alloweb.org/annuaire-startups/incubateur/incubateur-la-poussinade-paris/,"10 rue Chauchat, 75000, Paris",http://www.la-poussinade.fr/nos-espaces/paris_coworking/
INCUBATEUR LA POUSSINADE LYON,http://www.alloweb.org/annuaire-startups/incubateur/incubateur-la-poussinade-lyon/,"170 boulevard de Stalingrad, 69000, Lyon",http://www.la-poussinade.fr/la-poussinade-a-lyon/
INCUBATEUR LA PAPINIERE,http://www.alloweb.org/annuaire-startups/incubateur/incubateur-la-papiniere/,"Route Nationale 4, 60117, Gondreville",http://www.lapapiniere.com
INCUBATEUR LA MAISON DU BITCOIN,http://www.alloweb.org/annuaire-startups/incubateur/incubateur-la-maison-du-bitcoin/,"35 rue du Caire, 75002, Paris",http://www.lamaisondubitcoin.fr
INCUBATEUR LA BANQUIZ,http://www.alloweb.org/annuaire-startups/incubateur/incubateur-la-banquiz/,"4 rue Eugène et Marc Dulout, 33600, Pessac",http://www.labanquiz.com
INCUBATEUR L’ECLOSERIE NUMERIQUE – CODEUR RURAL,http://www.alloweb.org/annuaire-startups/incubateur/incubateur-lecloserie-numerique-codeur-rural/,"Annexe de la Mairie, 77890, Boitron",http://www.codeur-rural.fr
INCUBATEUR L’AUBERGE NUMERIQUE,http://www.alloweb.org/annuaire-startups/incubateur/incubateur-lauberge-numerique/,"137 rue Achard, 33000, Bordeaux",http://www.aecom.org/accompagner-vos-projets/l-auberge-numerique
INCUBATEUR L’ACCELERATEUR ALLIANZ,http://www.alloweb.org/annuaire-startups/incubateur/incubateur-laccelerateur-allianz/,"6 boulevard des Jardiniers, 6000, Nice",http://www.allianz.fr/accelerateur/
INCUBATEUR L’1CUBATEUR,http://www.alloweb.org/annuaire-startups/incubateur/incubateur-l1cubateur/,"24 rue de l'Est, 75020, Paris",http://www.l1cubateur.com
INCUBATEUR JEAN MOULIN – UNIVERSITE LYON 3,http://www.alloweb.org/annuaire-startups/incubateur/incubateur-jean-moulin-universite-lyon-3/,"6 rue du Professeur Rollet, 69008, Lyon",http://entreprendre.univ-lyon3.fr/incubateur-jean-moulin/
INCUBATEUR ISTEC,http://www.alloweb.org/annuaire-startups/incubateur/incubateur-istec/,"12 rue Alexandre Parodi, 75010, Paris",http://www.istec-b2b.fr/lincubateur-de-listec-a-quoi-ca-sert-201504
INCUBATEUR IPAG BUSINESS SCHOOL,http://www.alloweb.org/annuaire-startups/incubateur/incubateur-ipag-business-school/,"184 boulevard Saint Germain, 75006, Paris",http://www.ipag.fr/entreprises-carrieres/etudiants/lincubateur-une-pepiniere-de-jeunes-entrepreneurs/
INCUBATEUR IOT VALLEY,http://www.alloweb.org/annuaire-startups/incubateur/incubateur-iot-valley/,"425 rue Jean Rostand, 31670, Labège",http://www.iot-valley.fr
INCUBATEUR IONIS CREATION D’ENTREPRISES,http://www.alloweb.org/annuaire-startups/incubateur/incubateur-ionis-creation-dentreprises/,"93 rue Vieille du Temple, 75003, Paris",http://www.ionis-group.com
INCUBATEUR INTENCITY PARIS,http://www.alloweb.org/annuaire-startups/incubateur/incubateur-intencity-paris/,"31 rue de Reuilly, 75012, Paris",http://www.intencity.fr
INCUBATEUR INTENCITY LEVALLOIS,http://www.alloweb.org/annuaire-startups/incubateur/incubateur-intencity-levallois/,"Gare Sncf de Levallois Perret, 92300, Levallois Perret",http://www.intencity.fr
INCUBATEUR INTENCITY CLICHY,http://www.alloweb.org/annuaire-startups/incubateur/incubateur-intencity-clichy/,"6 rue d'Estienne d'Orves, 92500, Clichy",http://www.intencity.fr
INCUBATEUR INSTITUT DE L’ENTREPRENEURIAT – UNIVERSITE CATHOLIQUE DE LILLE,http://www.alloweb.org/annuaire-startups/incubateur/incubateur-institut-de-lentrepreneuriat-universite-catholique-de-lille/,"85 boulevard Vauban, 59000, Lille",http://www.ies-catholille.fr
INCUBATEUR INSIDE – EM NORMANDIE,http://www.alloweb.org/annuaire-startups/incubateur/incubateur-inside-em-normandie/,"30 rue de Richelieu, 76087, Le Havre",http://www.ecole-management-normandie.fr/instituts-et-expertises/l-institut-de-l-innovation-du_developpement_et_de_l_entrepreneuriat/accompagnement/incubateur_etudiant.html
INCUBATEUR INOBIZ MACON,http://www.alloweb.org/annuaire-startups/incubateur/incubateur-inobiz-macon/,"200 boulevard de la Résistance, 71870, Macon",http://www.ademval.com/simplanter/pepiniere-dentreprises-cite-de-lentreprise-macon-lyon/
INCUBATEUR INNOVATION FACTORY,http://www.alloweb.org/annuaire-startups/incubateur/incubateur-innovation-factory/,"59 rue Nationale, 75013, Paris",http://www.innovationfcty.fr
INCUBATEUR INNOTEX ENSAIT,http://www.alloweb.org/annuaire-startups/incubateur/incubateur-innotex-ensait/,"41 rue des Métissages, 59100, Roubaix",http://www.innotex.fr
INCUBATEUR INCUB13,http://www.alloweb.org/annuaire-startups/incubateur/incubateur-incub13/,"99 avenue Jean Baptiste Clément, 93450, Villetaneuse",http://www.univ-paris13.fr/incub13/
INCUBATEUR IMPULSE LABS,http://www.alloweb.org/annuaire-startups/incubateur/incubateur-impulse-labs/,"130 rue de Lourmel, 75015, Paris",http://www.impulse-labs.fr
INCUBATEUR ILEA LAB,http://www.alloweb.org/annuaire-startups/incubateur/incubateur-ilea-lab/,"24 rue des Epinettes, 75017, Paris",http://www.ilea.fr
INCUBATEUR IESEG,http://www.alloweb.org/annuaire-startups/incubateur/incubateur-ieseg/,"3 rue de la Digue, 59000, Lille",http://www.ieseg.fr/news/nouvel-incubateur-janvier-2015/
INCUBATEUR ICI MONTREUIL,http://www.alloweb.org/annuaire-startups/incubateur/incubateur-ici-montreuil/,"135 boulevard Chanzy, 93100, Montreuil",http://www.icimontreuil.com
INCUBATEUR HUB INNOVATION,http://www.alloweb.org/annuaire-startups/incubateur/incubateur-hub-innovation/,"11 avenue de l'Harmonie, 59650, Villeneuve d'Ascq",http://www.parc-haute-borne.fr/fr/animation/hub-innovation.html
INCUBATEUR HEC,http://www.alloweb.org/annuaire-startups/incubateur/incubateur-hec/,"1 rue de la Libération, 78350, Jouy en Josas",http://www.hec.fr/incubateur-hec
INCUBATEUR GUYANNE PIONNIERES,http://www.alloweb.org/annuaire-startups/incubateur/incubateur-guyanne-pionnieres/,"9 route de Degrad Saramac, 97345, Kourou",http://www.lespionnieres.org/guyane-pionnieres/
INCUBATEUR GREENSPACE PARIS,http://www.alloweb.org/annuaire-startups/incubateur/incubateur-greenspace-paris/,"28 rue du chemin Vert, 75011, Paris",http://www.greenspace-paris.com
INCUBATEUR GRAVIT INNOVATION,http://www.alloweb.org/annuaire-startups/incubateur/incubateur-gravit-innovation/,"46 avenue Félix Viallet, 38000, Grenoble",http://www.gravit-innovation.org
INCUBATEUR GRAND BUILDER – EKITO,http://www.alloweb.org/annuaire-startups/incubateur/incubateur-grand-builder-ekito/,"15 rue Gabriel Péri, 31000, Toulouse",http://www.ekito.fr
INCUBATEUR GATE1 – GRENOBLE ALPS TECHNOLOGY & ENTREPRENEURSHIP,http://www.alloweb.org/annuaire-startups/incubateur/incubateur-gate1-grenoble-alps-technology-entrepreneurship/,"31 rue Gustave Eiffel, 38000, Grenoble",http://www.gate1.fr
INCUBATEUR GARAGE DE SAINT QUENTIN,http://www.alloweb.org/annuaire-startups/incubateur/incubateur-garage-de-saint-quentin/,"Avenue Archimède, 2100, Saint Quentin",http://www.agglo-saint-quentin.fr/949-espace-creatis.htm
INCUBATEUR GANDI LABS,http://www.alloweb.org/annuaire-startups/incubateur/incubateur-gandi-labs/,"63 boulevard Masséna, 75013, Paris",http://www.gandi.net
INCUBATEUR FULLBOOSTER,http://www.alloweb.org/annuaire-startups/incubateur/incubateur-fullbooster/,"157 rue Anatole France, 92300, Levallois Perret",http://www.full-booster.com
INCUBATEUR FINANCE INNOVATION,http://www.alloweb.org/annuaire-startups/incubateur/incubateur-finance-innovation/,"28 place de la Bourse, 75002, Paris",http://www.finance-innovation.org/incubateur_entreprises.htm
INCUBATEUR FFWD NORMANDIE – FAST FORWARD NORMANDIE,http://www.alloweb.org/annuaire-startups/incubateur/incubateur-ffwd-normandie-fast-forward-normandie/,"2 rue Jean Perrin, 14460, Colombelles",http://www.ffwdnormandie.com
INCUBATEUR EXECUTIVE BUSINESS ACCELERATOR,http://www.alloweb.org/annuaire-startups/incubateur/incubateur-executive-business-accelerator/,"8 rue Volney, 75002, Paris",http://www.executivebusinessaccelerator.com
INCUBATEUR EURATECHNOLOGIES,http://www.alloweb.org/annuaire-startups/incubateur/incubateur-euratechnologies/,"165 avenue de Bretagne, 59000, Lille",http://www.euratechnologies.com/entreprises/incubateur-euratechnologies
INCUBATEUR ESTIA,http://www.alloweb.org/annuaire-startups/incubateur/incubateur-estia/,"92 allée Théodore Monod, 64210, Bidart",http://www.estia.fr/incubateur-pepiniere/incubateur-dentreprises.html
INCUBATEUR ESSEC ANTROPIA,http://www.alloweb.org/annuaire-startups/incubateur/incubateur-essec-antropia/,"1 avenue Bernard Hirsch, 95000, Cergy Pontoise",http://antropia.essec.fr
INCUBATEUR ESC TROYES – YOUNG ENTREPRENEUR CENTER,http://www.alloweb.org/annuaire-startups/incubateur/incubateur-esc-troyes-young-entrepreneur-center/,"2 rue Gustave Eiffel, 10430, Rosieres près Troyes",http://www.young-entrepreneur-center.fr
INCUBATEUR ESC DIJON,http://www.alloweb.org/annuaire-startups/incubateur/incubateur-esc-dijon/,"29 rue Sambin, 21000, Dijon",http://www.escdijon.eu/entrepreneuriat-esc/entrepreneuriat-incubateur-esc/edito-incubateur/
INCUBATEUR ESC CLERMONT – SQUARE LAB,http://www.alloweb.org/annuaire-startups/incubateur/incubateur-esc-clermont-square-lab/,"4 boulevard Trudaine, 63000, Clermont Ferrand",http://www.esc-clermont.fr/lincubateur-squarelab/
INCUBATEUR ESA BIC – ESA BUSINESS INCUBATOR,http://www.alloweb.org/annuaire-startups/incubateur/incubateur-esa-bic-esa-business-incubator/,"23 avenue Edouard Belin, 31028, Toulouse",http://www.esabic.fr
INCUBATEUR ENSAM PARIS – ARTS ET METIERS,http://www.alloweb.org/annuaire-startups/incubateur/incubateur-ensam-paris-arts-et-metiers/,"151 boulevard de l'Hopital, 75013, Paris",http://www.ensam.eu/campus-et-instituts/campus-paris/entrepreneuriat/incubateur-d-entreprises
INCUBATEUR EMERGENCE PLUS,http://www.alloweb.org/annuaire-startups/incubateur/incubateur-emergence-plus/,"30 rue Théron de Montaugé, 31000, Toulouse",http://www.emergence-plus.com
INCUBATEUR EFREI ENTREPRENEURS,http://www.alloweb.org/annuaire-startups/incubateur/incubateur-efrei-entrepreneurs/,"33 impasse Victor Hugo, 94800, Villejuif",http://www.efreientrepreneurs.fr
INCUBATEUR EDHEC YOUNG ENTREPRENEURS,http://www.alloweb.org/annuaire-startups/incubateur/incubateur-edhec-young-entrepreneurs/,"24 avenue Gustave Delory, 59057, Roubaix",http://www.edhec-young-entrepreneurs.fr
INCUBATEUR EDC PARIS,http://www.alloweb.org/annuaire-startups/incubateur/incubateur-edc-paris/,"70 Galerie des Damiers, 92415, Courbevoie",http://www.edcparis.edu/category/edc-paris/lecole/lespritdentreprendre-a-edc-paris/
INCUBATEUR EBS PARIS – EUROPEAN BUSINESS SCHOOL,http://www.alloweb.org/annuaire-startups/incubateur/incubateur-ebs-paris-european-business-school/,"10 rue Sextius Michel, 75015, Paris",http://www.ebs-paris.fr
INCUBATEUR DU CNAM,http://www.alloweb.org/annuaire-startups/incubateur/incubateur-du-cnam/,"292 rue Saint Martin, 75003, Paris",http://culture.cnam.fr/octobre/grand-concours-national-de-l-innovation-688558.kjsp
INCUBATEUR DU CAMPUS DE PARIS – INCUBATEUR ISEG,http://www.alloweb.org/annuaire-startups/incubateur/incubateur-du-campus-de-paris-incubateur-iseg/,"28 rue de Francs Bourgeois, 75003, Paris",http://www.anciens.iseg.fr/public/articles/article.php?id_article=1812
INCUBATEUR DU BARREAU DE PARIS,http://www.alloweb.org/annuaire-startups/incubateur/incubateur-du-barreau-de-paris/,"11 place Dauphine, 75001, Paris",http://www.incubateur-barreaudeparis.com
INCUBATEUR DOJOBOOST,http://www.alloweb.org/annuaire-startups/incubateur/incubateur-dojoboost/,"41 boulevard Saint Martin, 75010, Paris",http://www.dojoboost.com
INCUBATEUR DISCOVERY INNOVATION LAB,http://www.alloweb.org/annuaire-startups/incubateur/incubateur-discovery-innovation-lab/,"11 rue Carnot, 94270, Le Kremlin Bicetre",http://www.discoveryinnovationlab.com
INCUBATEUR DIGITAL VILLAGE SEINE & MARNE,http://www.alloweb.org/annuaire-startups/incubateur/incubateur-digital-village-seine-marne/,"6 rue Antoine Lavoisier, 77680, Roissy en Brie",http://www.digital-village.fr
INCUBATEUR DIGITAL VILLAGE PARIS,http://www.alloweb.org/annuaire-startups/incubateur/incubateur-digital-village-paris/,"4 rue Charcot, 75013, Paris",http://www.digital-village.fr
INCUBATEUR DIGIPORT,http://www.alloweb.org/annuaire-startups/incubateur/incubateur-digiport/,"165 avenue de Bretagne, 59000, Lille",http://www.digiport.org
INCUBATEUR DESCARTES,http://www.alloweb.org/annuaire-startups/incubateur/incubateur-descartes/,"23 rue Alfred Nobel, 77420, Champs sur Marne",http://www.incubateur-descartes.com
INCUBATEUR DES MINES DE NANTES,http://www.alloweb.org/annuaire-startups/incubateur/incubateur-des-mines-de-nantes/,"4 rue Alfred Kastler, 44307, Nantes",http://www.mines-nantes.fr/fr/entreprise/incubateur-mines-nantes
INCUBATEUR DE SCIENCES POLITIQUES,http://www.alloweb.org/annuaire-startups/incubateur/incubateur-de-sciences-politiques/,"84 rue de Grenelle, 75007, Paris",http://www.sciencespo.fr/entrepreneurs/content/loffre-de-lincubateur
INCUBATEUR DE SAINT DIZIER,http://www.alloweb.org/annuaire-startups/incubateur/incubateur-de-saint-dizier/,"12 allée Jean Moulin, 52100, Saint Dizier",http://www.incubateur-saintdizier.fr
INCUBATEUR DE PICARDIE,http://www.alloweb.org/annuaire-startups/incubateur/incubateur-de-picardie/,"33 avenue Paul Claudel, 80547, Dury",http://www.incubateurpicardie.com
INCUBATEUR DE LA REUNION,http://www.alloweb.org/annuaire-startups/incubateur/incubateur-de-la-reunion/,"1 rue Emile Hugot, 97600, Saint Denis de la Réunion",http://www.technopole-reunion.com
INCUBATEUR DE LA CHARENTE MARITIME,http://www.alloweb.org/annuaire-startups/incubateur/incubateur-de-la-charente-maritime/,"26 rue de François de Vaux de Foletier, 17000, La Rochelle",http://www.eigsi.fr/cms/rubrique-72-lincubateur.html
INCUBATEUR DE L’INSTITUT DE LA VISION,http://www.alloweb.org/annuaire-startups/incubateur/incubateur-de-linstitut-de-la-vision/,"17 rue Moreau, 75012, Paris",http://www.incubateur-vision.org
INCUBATEUR DE L’ESSCA,http://www.alloweb.org/annuaire-startups/incubateur/incubateur-de-lessca/,"1 rue Joseph Lakanal, 49003, Angers",http://www.essca.fr/incubateur
INCUBATEUR DE L’ESCEM,http://www.alloweb.org/annuaire-startups/incubateur/incubateur-de-lescem/,"Rue Léo Delibes, 37000, Tours",http://www.escem.fr/ecole/incubateur/
INCUBATEUR D’ENTREPRISES ADITEC SPORT ET BIEN ETRE,http://www.alloweb.org/annuaire-startups/incubateur/incubateur-dentreprises-aditec-sport-et-bien-etre/,"Rue de l'Université, 62800, Béthune",http://www.aditec.org/services/incubateur-sport-sante-bien-etre/
INCUBATEUR CYBERSECURITE ET CONFIANCE NUMERIQUE,http://www.alloweb.org/annuaire-startups/incubateur/incubateur-cybersecurite-et-confiance-numerique/,"165 avenue de Bretagne, 59000, Lille",https://clustercncs.com/content/lincubateur-cybers%c3%a9curit%c3%a9-confiance-num%c3%a9rique
INCUBATEUR CREATIVE VALLEY,http://www.alloweb.org/annuaire-startups/incubateur/incubateur-creative-valley/,"11 rue Carnot, 94270, Le Kremlin Bicetre",http://www.creative-valley.fr
INCUBATEUR CREACANNES,http://www.alloweb.org/annuaire-startups/incubateur/incubateur-creacannes/,"11 avenue Maurice Chevalier, 6150, Cannes",http://www.cannes.com/fr/economie/creacannes-la-cite-des-entreprises.html
INCUBATEUR CETIR – CENTRE EUROPEEN DES TECHNOLOGIES DE L’INFORMATION EN MILIEU RURAL,http://www.alloweb.org/annuaire-startups/incubateur/incubateur-cetir-centre-europeen-des-technologies-de-linformation-en-milieu-rural/,"Zone Pic Pyrénée Innovation, 65150, Saint Laurent de Neste",http://www.cetir.net
INCUBATEUR CENTRALE PARIS,http://www.alloweb.org/annuaire-startups/incubateur/incubateur-centrale-paris/,"Grande Voie des Vignes, 92290, Chatenay Malabry",http://www.centraleparis-incubateur.fr
INCUBATEUR CEEI CHARTRES,http://www.alloweb.org/annuaire-startups/incubateur/incubateur-ceei-chartres/,"21 rue de Loigny la Bataille, 28000, Chartres",http://www.ceei-chartres.com
INCUBATEUR CATALIS,http://www.alloweb.org/annuaire-startups/incubateur/incubateur-catalis/,"3 rue Ariane, 31520, Ramonville",http://www.catalis.coop
INCUBATEUR CANAL START,http://www.alloweb.org/annuaire-startups/incubateur/incubateur-canal-start/,"1 place du Spectacle, 92130, Issy les Moulineaux",http://www.canalstart.com
INCUBATEUR BREST STARTUPS,http://www.alloweb.org/annuaire-startups/incubateur/incubateur-brest-startups/,"40 rue Jim Sévellec, 29238, Brest",http://www.tech-brest-iroise.fr
INCUBATEUR BOUYGUES TELECOM INITIATIVE,http://www.alloweb.org/annuaire-startups/incubateur/incubateur-bouygues-telecom-initiative/,"82 rue Henry Farman, 92130, Issy les Moulineaux",http://www.btinitiatives.fr
INCUBATEUR BORDEAUX TECHNOWEST,http://www.alloweb.org/annuaire-startups/incubateur/incubateur-bordeaux-technowest/,"25 rue Marcel Issartier, 33700, Mérignac",http://www.technowest.com
INCUBATEUR BORDEAUX PRODUCTIC,http://www.alloweb.org/annuaire-startups/incubateur/incubateur-bordeaux-productic/,"3 chemin de Marticot, 33610, Cestas",http://www.bordeaux-productic.org
INCUBATEUR BORDEAUX AQUITAINE PIONNIERES,http://www.alloweb.org/annuaire-startups/incubateur/incubateur-bordeaux-aquitaine-pionnieres/,"87 quai de Queyries, 33100, Bordeaux",http://www.bordeauxaquitainepionnieres.org
INCUBATEUR BONDY INNOVATION,http://www.alloweb.org/annuaire-startups/incubateur/incubateur-bondy-innovation/,"32 avenue Henri Varagnat, 93140, Bondy",http://www.bondinnov.com
INCUBATEUR BLUE FACTORY,http://www.alloweb.org/annuaire-startups/incubateur/incubateur-blue-factory/,"81 avenue de la République, 75011, Paris",http://www.blue-factory.eu
INCUBATEUR BIZLAB AIRBUS,http://www.alloweb.org/annuaire-startups/incubateur/incubateur-bizlab-airbus/,"316 route de Bayonne, 31000, Toulouse",http://www.airbus.com/innovation/bizlab/
INCUBATEUR BIC – BUSINESS INNOVATION CENTRE DE MONTPELLIER – CAP OMEGA,http://www.alloweb.org/annuaire-startups/incubateur/incubateur-bic-business-innovation-centre-de-montpellier-cap-omega/,"Rond Point Benjamin Franklin, 34000, Montpellier",http://www.montpellier-agglo.com/widgets/entreprendre
INCUBATEUR BEEOTOP,http://www.alloweb.org/annuaire-startups/incubateur/incubateur-beeotop/,"14 boulevard Douaumont, 75017, Paris",http://www.beeotop.org
INCUBATEUR AUDACE DE L’ESG MANAGEMENT SCHOOL,http://www.alloweb.org/annuaire-startups/incubateur/incubateur-audace-de-lesg-management-school/,"59 rue Nationale, 75013, Paris",http://www.esgms.fr/audace-incubateur-esg-management-school.html
INCUBATEUR ATELIER PARIS DESIGN,http://www.alloweb.org/annuaire-startups/incubateur/incubateur-atelier-paris-design/,"30 rue du Faubourg Saint Antoine, 75012, Paris",http://www.ateliersdeparis.com
INCUBATEUR ANTIPOLIS INNOVATION CAMPUS,http://www.alloweb.org/annuaire-startups/incubateur/incubateur-antipolis-innovation-campus/,"300 route des Cretes, 6560, Sophia Antipolis",http://www.antipolis.fr
INCUBATEUR ANGERS TECHNOPOLE,http://www.alloweb.org/annuaire-startups/incubateur/incubateur-angers-technopole/,"8 rue André le Notre, 49000, Angers",http://www.angerstechnopole.com
INCUBATEUR ALTER’INCUB RHONE ALPES,http://www.alloweb.org/annuaire-startups/incubateur/incubateur-alterincub-rhone-alpes/,"10 avenue des Canuts, 69120, Vaulx en Velin",http://www.alterincub.coop/alter-incub-rhone-alpes/l-equipe.html
INCUBATEUR ALTER’INCUB POITOU CHARENTES,http://www.alloweb.org/annuaire-startups/incubateur/incubateur-alterincub-poitou-charentes/,"7 rue Sainte Claire Deville, 79000, Niort",http://www.alterincub.coop/alter-incub-poitou-charentes/l-equipe.html
INCUBATEUR ALTER’INCUB LANGUEDOC ROUSSILLON,http://www.alloweb.org/annuaire-startups/incubateur/incubateur-alterincub-languedoc-roussillon/,"Union Régionale des Scop Lr - Hotel de la Coopération, 34070, Montpellier",http://www.alterincub-lr.coop
INCUBATEUR ALCATEL ONE TOUCH ACCELERATOR,http://www.alloweb.org/annuaire-startups/incubateur/incubateur-alcatel-one-touch-accelerator/,"55 avenue des Champs Pierreux, 92000, Nanterre",http://www.alcatelonetouchaccelerator.eu
INCUBATEUR ALAMBIK,http://www.alloweb.org/annuaire-startups/incubateur/incubateur-alambik/,"54 rue de Paradis, 75010, Paris",http://www.alambik-business-act.org
INCUBATEUR AGROPOLE,http://www.alloweb.org/annuaire-startups/incubateur/incubateur-agropole/,"Technopole Agroalimentaire, 47931, Agen",http://www.agropole.com
INCUBATEUR AGRAPOLE – ISARA,http://www.alloweb.org/annuaire-startups/incubateur/incubateur-agrapole-isara/,"23 rue Jean Baldassini, 69364, Lyon",http://www.isara.fr/relations-entreprises/l-incubateur-agrapole/entreprises-creees
INCUBATEUR AGORANOV,http://www.alloweb.org/annuaire-startups/incubateur/incubateur-agoranov/,"96 boulevard Raspail, 75006, Paris",http://www.agoranov.com
INCUBATEUR ADDON NUMERIQUE,http://www.alloweb.org/annuaire-startups/incubateur/incubateur-addon-numerique/,"8 rue André le Notre, 49066, Angers",http://www.addon-numerique.com
INCUBATEUR 66 – ISC PARIS,http://www.alloweb.org/annuaire-startups/incubateur/incubateur-66-isc-paris/,"22 boulevard du Fort de Vaux, 75017, Paris",http://www.isc-entrepreneurs.com
INCUBATEUR 42VALLEY – INCUBATEUR DE L’ECOLE 42,http://www.alloweb.org/annuaire-startups/incubateur/incubateur-42valley-incubateur-de-lecole-42/,"96 boulevard Bessières, 75017, Paris",http://www.42valley.fr
INCUBATEUR 33ENTREPRENEURS,http://www.alloweb.org/annuaire-startups/incubateur/incubateur-33entrepreneurs/,"1 place Lainé, 33000, Bordeaux",http://www.33entrepreneurs.fr
INCUBATEUR 1000 STARTUPS – HALLE FREYSSINET,http://www.alloweb.org/annuaire-startups/incubateur/incubateur-1000-startups-halle-freyssinet/,"55 boulevard Vincent Auriol, 75013, Paris",http://www.1000startups.fr
INCUBALLIANCE – INCUBATEUR D’ILE DE FRANCE,http://www.alloweb.org/annuaire-startups/incubateur/incuballiance-incubateur-dile-de-france/,"86 rue de Paris, 91400, Orsay",http://www.incuballiance.fr
INCUBAGEM GEM ENTREPRENDRE – INCUBATEUR EM GRENOBLE,http://www.alloweb.org/annuaire-startups/incubateur/incubagem-gem-entreprendre-incubateur-em-grenoble/,"6 place Robert Schuman, 38025, Grenoble",http://www.gementreprendre.fr
INCUBA SCHOOL – INCUBATEUR NOVANCIA & CCI PARIS,http://www.alloweb.org/annuaire-startups/incubateur/incuba-school-incubateur-novancia-cci-paris/,"8 avenue de la Porte de Champerret, 75017, Paris",http://www.incubaschool.fr
INCUB – INCUBATEUR INSEEC,http://www.alloweb.org/annuaire-startups/incubateur/incub-incubateur-inseec/,"17 rue de Sambre et Meuse, 75010, Paris",http://www.incubateur-inseec.com
IN CUBE – INCUBATEUR DE L’UNIVERSITE RENNES 1,http://www.alloweb.org/annuaire-startups/incubateur/in-cube-incubateur-de-luniversite-rennes-1/,"2 rue du Thabor, 35065, Rennes",https://pepite-bretagne.ueb.eu/programmes-etudiants/pour-creer/cube
IFM START – INCUBATEUR INSTITUT FRANCAIS DE LA MODE,http://www.alloweb.org/annuaire-startups/incubateur/ifm-start-incubateur-institut-francais-de-la-mode/,"36 quai d'Austerlitz, 75013, Paris",http://www.ifm-paris.com/fr/enseignement-mode/ifm/ifm-start/ifm-entrepeneuriat.html
IEI.FC – INCUBATEUR DE FRANCHE COMTE,http://www.alloweb.org/annuaire-startups/incubateur/iei-fc-incubateur-de-franche-comte/,"18 rue Alain Savary, 25000, Besançon",http://www.incubateur-fc.fr
GRAIN – GRENOBLE ALPES INCUBATION,http://www.alloweb.org/annuaire-startups/incubateur/grain-grenoble-alpes-incubation/,"31 rue Gustave Eiffel, 38000, Grenoble",http://www.grain-incubation.com
GENI – GRANDES ECOLES DU NORD INCUBATION,http://www.alloweb.org/annuaire-startups/incubateur/geni-grandes-ecoles-du-nord-incubation/,"941 rue Charles Bourseul, 59500, Douai",http://www.geni-incubation.fr
FOUNDER INSTITUTE,http://www.alloweb.org/annuaire-startups/incubateur/founder-institute/,"4 rue Amélie, 75007, Paris",http://www.founderinstitute.fr
EURASANTE – BIO INCUBATEUR DE NORD PAS DE CALAIS,http://www.alloweb.org/annuaire-startups/incubateur/eurasante-bio-incubateur-de-nord-pas-de-calais/,"310 avenue Eugène Avinée, 59120, Loos",http://www.eurasante.com/eurasante/le-bio-incubateur.html
ETINCEL IMAGES – INCUBATEUR DE POITOU CHARENTES,http://www.alloweb.org/annuaire-startups/incubateur/etincel-images-incubateur-de-poitou-charentes/,"1 rue de Saintes, 16000, Angouleme",http://www.etincel-pc.fr
ETINCEL – INCUBATEUR DE POITOU CHARENTES,http://www.alloweb.org/annuaire-startups/incubateur/etincel-incubateur-de-poitou-charentes/,"1 rue Prosper Boissonnade, 86000, Poitiers",http://www.etincel-pc.fr
ESSEC VENTURES,http://www.alloweb.org/annuaire-startups/incubateur/essec-ventures/,"1 avenue Bernard Hirsch, 95000, Cergy Pontoise",http://www.essec.fr/lessec/essec-ventures/incubateurs/incubateurs.html
ENTREPRENEUR ENGINE – INCUBATEUR EN LIGNE,http://www.alloweb.org/annuaire-startups/incubateur/entrepreneur-engine-incubateur-en-ligne/,"166 boulevard du Montparnasse, 75014, Paris",http://www.entrepreneur-engine.com
EMERGYS – INCUBATEUR DE BRETAGNE,http://www.alloweb.org/annuaire-startups/incubateur/emergys-incubateur-de-bretagne/,"15 rue du Chene Germain, 35510, Cesson Sevigné",http://www.incubateur-emergys.fr
EMERGENCE – INCUBATEUR ESCE,http://www.alloweb.org/annuaire-startups/incubateur/emergence-incubateur-esce/,"10 rue Sextius Michel, 75015, Paris",http://www.esce.fr/ecole-commerce/metiers/incubateur-emergence/
EMERGENCE – INCUBATEUR DU MANS,http://www.alloweb.org/annuaire-startups/incubateur/emergence-incubateur-du-mans/,"21 rue Thalès de Milet, 72000, Le Mans",http://www.lemans-emergence.com
EMAC – INCUBATEUR DES MINES D’ALBI,http://www.alloweb.org/annuaire-startups/incubateur/emac-incubateur-des-mines-dalbi/,"Allée des Sciences, 81000, Albi",http://www.mines-albi.fr/incubateur_dev
EM LYON INCUBATEUR,http://www.alloweb.org/annuaire-startups/incubateur/em-lyon-incubateur/,"40 avenue Guy de Collongue, 69130, Ecully",https://emlyonincubateur.wordpress.com
DERNIER INCUBATEUR AVANT LA FIN DU MONDE – INCUBATEUR MYMAJORCOMPANY,http://www.alloweb.org/annuaire-startups/incubateur/dernier-incubateur-avant-la-fin-du-monde-incubateur-mymajorcompany/,"19 avenue Victoria, 75001, Paris",http://www.dernierincubateur.com
D-INCUBATOR – INCUBATEUR UNIVERSITE DAUPHINE,http://www.alloweb.org/annuaire-startups/incubateur/d-incubator-incubateur-universite-dauphine/,"Place du Maréchal de Lattre de Tassigny, 75116, Paris",https://dauphincubator.wordpress.com
CRE-INNOV – INCUBATEUR UNIVERSITE LILLE 1,http://www.alloweb.org/annuaire-startups/incubateur/cre-innov-incubateur-universite-lille-1/,"Cité Scientifique, 59491, Villeneuve d'Ascq",http://cre-innov.univ-lille1.fr/presentation/
CENTER FOR ENTREPRENEURS – INCUBATEUR DELL,http://www.alloweb.org/annuaire-startups/incubateur/center-for-entrepreneurs-incubateur-dell/,"Rond Point Benjamin Franklin, 34000, Montpellier",http://www.dell.fr/entrepreneurs
CARINNA – INCUBATEUR DE CHAMPAGNE ARDENNE,http://www.alloweb.org/annuaire-startups/incubateur/carinna-incubateur-de-champagne-ardenne/,"14 rue Gabriel Voisin, 51100, Reims",http://www.carinna.fr
BUSINESS NURSERY – INCUBATEUR KEDGE BUSINESS SCHOOL,http://www.alloweb.org/annuaire-startups/incubateur/business-nursery-incubateur-kedge-business-school/,"Domaine de Luminy, 13288, Marseille",http://www.business-nursery.fr
BUSI – INCUBATEUR D’AUVERGNE,http://www.alloweb.org/annuaire-startups/incubateur/busi-incubateur-dauvergne/,"Biopole Clermont Limagne, 63360, Saint Beauzire",http://www.busi.fr
BE INCUBATED – INCUBATEUR SAVOIE TECHNOLAC,http://www.alloweb.org/annuaire-startups/incubateur/be-incubated-incubateur-savoie-technolac/,"Savoie Technolac, 73375, Le Bourget du Lac",http://www.savoie-technolac.com
AVRUL – INCUBATEUR DU LIMOUSIN,http://www.alloweb.org/annuaire-startups/incubateur/avrul-incubateur-du-limousin/,"1 avenue d'Ester, 87000, Limoges",http://www.avrul.fr/-porteurs-de-projets-.html
ATLANPOLE – INCUBATEUR DES PAYS DE LA LOIRE,http://www.alloweb.org/annuaire-startups/incubateur/atlanpole-incubateur-des-pays-de-la-loire/,"95 route de Gachet, 44000, Nantes",http://www.atlanpole.fr
APUI – INCUBATEUR DES MINES DE DOUAI,http://www.alloweb.org/annuaire-startups/incubateur/apui-incubateur-des-mines-de-douai/,"941 rue Charles Bourseul, 59500, Douai",http://www.mines-douai.fr/pages/la-creation-d-entreprise
ANTI INCUBATEUR D’EPITECH,http://www.alloweb.org/annuaire-startups/incubateur/anti-incubateur-depitech/,"18 rue Pasteur, 94270, Le Kremlin Bicetre",http://anti-incubateur.epitech.eu
AMAZINC – INCUBATEUR DE GUYANE TECHNOPOLE,http://www.alloweb.org/annuaire-startups/incubateur/amazinc-incubateur-de-guyane-technopole/,"16 rue du 14 Juillet, 97307, Cayenne",http://www.guyane-technopole.org/ingenierie-de-projets-innovants/incubateur
104FACTORY – INCUBATEUR DU CENTQUATRE,http://www.alloweb.org/annuaire-startups/incubateur/104factory-incubateur-du-centquatre/,"5 rue Curial, 75019, Paris",http://www.104factory.fr
